WigleWifi-1.4,appRelease=2.26,model=SM-G930F,release=6.0.1,device=herolte,display=MMB29K.G930FXXU1APF2,board=universal8890,brand=samsung
MAC,SSID,AuthMode,FirstSeen,Channel,RSSI,CurrentLatitude,CurrentLongitude,AltitudeMeters,AccuracyMeters,Type
78:00:9e:88:88:76,AndroidAP,[WPA2-PSK-CCMP][ESS][SEC80][SECD00],2017-12-17 18:36:53,1,-48,32.1094978919121,34.8179803708305,4.86839804813528,16,WIFI
14:ae:db:b1:db:a5,Hai_dayan,[WPA2-PSK-CCMP][ESS],2017-12-17 18:36:53,6,-81,32.1094978919121,34.8179803708305,4.86839804813528,16,WIFI
14:ae:db:3d:bb:92,Bezeq_WiFi_2.4,[ESS],2017-12-17 18:36:53,10,-93,32.1094978919121,34.8179803708305,4.86839804813528,16,WIFI
00:10:f3:61:6b:99,dahari,[WPA-PSK-CCMP+TKIP][WPA2-PSK-CCMP+TKIP][ESS],2017-12-17 18:36:53,1,-91,32.1094978919121,34.8179803708305,4.86839804813528,16,WIFI
e8:d1:1b:72:4c:80,RISSO,[WPA-PSK-CCMP+TKIP][WPA2-PSK-CCMP+TKIP][ESS][BLE],2017-12-17 18:36:53,11,-89,32.1094978919121,34.8179803708305,4.86839804813528,16,WIFI
08:97:58:33:7e:bc,wifi in car-0019,[WPA-PSK-CCMP][WPS][ESS],2017-12-17 18:36:53,2,-92,32.1094978919121,34.8179803708305,4.86839804813528,16,WIFI
14:ae:db:4e:3f:fd,Eli,[WPA-PSK-CCMP+TKIP][WPA2-PSK-CCMP+TKIP][WPS][ESS],2017-12-17 18:36:53,1,-93,32.1094978919121,34.8179803708305,4.86839804813528,16,WIFI
6c:19:8f:47:7f:40,Bezeq-N_477f3f,[ESS],2017-12-17 18:36:53,6,-93,32.1094978919121,34.8179803708305,4.86839804813528,16,WIFI
42503_6601_3035217,Pmobile,UNKNOWN;il,2017-12-17 18:36:53,0,-103,32.1094978919121,34.8179803708305,4.86839804813528,16,GSM
ca:95:a9:53:4a:9d,portthru,[IBSS],2017-12-17 18:36:57,10,-92,32.1095513753566,34.8180642189174,-12.7167551890181,6,WIFI
06:ae:db:52:35:e5,BezeqFree,[WPA2-PSK-CCMP][ESS],2017-12-17 18:37:05,9,-92,32.1095857304047,34.8180502850821,-6.39367419535676,4,WIFI
14:ae:db:52:35:e5,michalgli,[WPA2-PSK-CCMP][ESS],2017-12-17 18:37:05,9,-92,32.1095857304047,34.8180502850821,-6.39367419535676,4,WIFI
c4:04:15:25:a2:6c,KOBY,[WPA2-PSK-CCMP][WPS][ESS],2017-12-17 18:37:05,11,-92,32.1095857304047,34.8180502850821,-6.39367419535676,4,WIFI
42503_6601_3035220,Pmobile,HSUPA;il,2017-12-17 18:37:11,0,-103,32.1095547996384,34.8180359571344,7.17621052591445,4,GSM
78:00:9e:88:88:76,AndroidAP,[WPA2-PSK-CCMP][ESS][SEC80][SECD00],2017-12-17 18:37:57,1,-40,32.1095337382674,34.8180382993652,41.3851123957585,3,WIFI
42503_6601_3035222,Pmobile,HSUPA;il,2017-12-17 18:38:07,0,-103,32.1094949503362,34.8180841973515,23.2954957822546,6,GSM
78:00:9e:88:88:76,AndroidAP,[WPA2-PSK-CCMP][ESS][SEC80][SECD00],2017-12-17 18:38:51,1,-35,32.1095262754045,34.8180574105024,39.7141128016367,6,WIFI
78:00:9e:88:88:76,AndroidAP,[WPA2-PSK-CCMP][ESS][SEC80][SECD00],2017-12-17 18:39:10,1,-29,32.1095262754045,34.8180574105024,39.7695205167946,8,WIFI
14:ae:db:3d:bb:92,Bezeq_WiFi_2.4,[ESS],2017-12-17 18:39:10,10,-86,32.1095262754045,34.8180574105024,39.7695205167946,8,WIFI
78:00:9e:88:88:76,AndroidAP,[WPA2-PSK-CCMP][ESS][SEC80][SECD00],2017-12-17 19:54:33,1,-43,32.10934460846,34.8184215088322,28.9489211260948,6,WIFI
14:ae:db:46:cd:3d,AMIR,[WPA2-PSK-CCMP][ESS],2017-12-17 19:54:33,11,-84,32.10934460846,34.8184215088322,28.9489211260948,6,WIFI
14:ae:db:4e:3f:fd,Eli,[WPA-PSK-CCMP+TKIP][WPA2-PSK-CCMP+TKIP][WPS][ESS],2017-12-17 19:54:33,1,-81,32.10934460846,34.8184215088322,28.9489211260948,6,WIFI
3c:1e:04:08:63:6d,yakov1,[WPA2-PSK-CCMP][ESS][BLE],2017-12-17 19:54:33,6,-82,32.10934460846,34.8184215088322,28.9489211260948,6,WIFI
06:ae:db:3b:bb:e5,BezeqFree,[WPA2-PSK-CCMP][ESS],2017-12-17 19:54:33,1,-90,32.10934460846,34.8184215088322,28.9489211260948,6,WIFI
00:10:f3:61:6b:99,dahari,[WPA-PSK-CCMP+TKIP][WPA2-PSK-CCMP+TKIP][ESS],2017-12-17 19:54:33,1,-90,32.10934460846,34.8184215088322,28.9489211260948,6,WIFI
06:ae:db:46:cd:3d,BezeqFree,[WPA2-PSK-CCMP][ESS],2017-12-17 19:54:33,11,-86,32.10934460846,34.8184215088322,28.9489211260948,6,WIFI
06:ae:db:50:13:45,BezeqFree,[WPA2-PSK-CCMP][ESS],2017-12-17 19:54:33,11,-90,32.10934460846,34.8184215088322,28.9489211260948,6,WIFI
14:ae:db:59:f1:0d,Ofer,[WPA2-PSK-CCMP][ESS],2017-12-17 19:54:33,11,-91,32.10934460846,34.8184215088322,28.9489211260948,6,WIFI
62:a1:51:c3:51:78,Bezeq Free T00B78,[ESS][BLE],2017-12-17 19:54:33,11,-89,32.10934460846,34.8184215088322,28.9489211260948,6,WIFI
62:a1:51:c3:51:79,@Cafe,[ESS][BLE],2017-12-17 19:54:33,11,-92,32.10934460846,34.8184215088322,28.9489211260948,6,WIFI
42503_6601_3035217,Pmobile,UNKNOWN;il,2017-12-17 19:54:33,0,-97,32.10934460846,34.8184215088322,28.9489211260948,6,GSM
78:00:9e:88:88:76,AndroidAP,[WPA2-PSK-CCMP][ESS][SEC80][SECD00],2017-12-17 19:54:53,1,-37,32.10934460846,34.8184215088322,30.1965906429945,6,WIFI
d4:7b:b0:79:e8:c5,ronen,[WPA-PSK-CCMP+TKIP][WPA2-PSK-CCMP+TKIP][ESS][BLE],2017-12-17 19:54:53,10,-79,32.10934460846,34.8184215088322,30.1965906429945,6,WIFI
14:ae:db:3b:bb:e5,feldman,[WPA2-PSK-CCMP][ESS],2017-12-17 19:54:53,1,-85,32.10934460846,34.8184215088322,30.1965906429945,6,WIFI
6c:19:8f:47:7f:40,Bezeq-N_477f3f,[ESS],2017-12-17 19:54:53,6,-92,32.10934460846,34.8184215088322,30.1965906429945,6,WIFI
20:4e:7f:24:47:98,shmil,[WPA2-PSK-CCMP][WPS][ESS],2017-12-17 19:55:13,11,-91,32.10934460846,34.8184215088322,30.2404868997084,4,WIFI
14:ae:db:3d:bb:92,Bezeq_WiFi_2.4,[ESS],2017-12-17 19:55:13,10,-91,32.10934460846,34.8184215088322,30.2404868997084,4,WIFI
78:00:9e:88:88:76,AndroidAP,[WPA2-PSK-CCMP][ESS][SEC80][SECD00],2017-12-17 19:55:22,1,-32,32.10934460846,34.8184215088322,30.2909213555735,4,WIFI
20:4e:7f:24:47:98,shmil,[WPA2-PSK-CCMP][WPS][ESS],2017-12-17 19:55:32,11,-86,32.10934460846,34.8184215088322,30.4986670452994,6,WIFI
d0:bf:9c:aa:94:96,HP-Print-96-Deskjet 4640 series,[ESS],2017-12-17 19:56:16,6,-91,32.10934460846,34.8184215088322,30.8509884531271,6,WIFI
78:00:9e:88:88:76,AndroidAP,[WPA2-PSK-CCMP][ESS][SEC80][SECD00],2017-12-17 19:57:16,1,-23,32.10934460846,34.8184215088322,30.6636483083093,4,WIFI
14:ae:db:b6:ab:35,RIKI120,[WPA2-PSK-CCMP][ESS],2017-12-17 19:57:32,11,-95,32.10934460846,34.8184215088322,30.7626502949759,4,WIFI
04:a1:51:c3:51:7b,rombeni2,[WPA2-PSK-CCMP][WPS][ESS][BLE],2017-12-17 19:58:00,11,-95,32.10934460846,34.8184215088322,30.8815298683675,6,WIFI
42503_6621_572418,Pmobile,UNKNOWN;il,2017-12-17 20:03:20,0,-95,32.1091727884048,34.8182082341187,44.6502277071106,24,GSM
fc:15:b4:74:77:59,HP-Print-59-Officejet 6700,[WPA2-PSK-CCMP][ESS],2017-12-17 20:03:32,11,-89,32.1093787118525,34.8184556203924,33.27184894428,24,WIFI
3c:1e:04:08:63:6e,yakov1,[WPA2-PSK-CCMP][ESS][BLE],2017-12-17 20:03:35,48,-87,32.1091759107879,34.8183401333027,0.463456626806818,8,WIFI
4c:60:de:51:a9:3e,photo,[WPA2-PSK-CCMP][WPS][ESS],2017-12-17 20:03:35,6,-92,32.1091759107879,34.8183401333027,0.463456626806818,8,WIFI
4c:60:de:51:a9:3e,photo,[WPA2-PSK-CCMP][WPS][ESS],2017-12-17 20:03:39,6,-87,32.109246780245,34.8184831225269,-3.82541551290369,8,WIFI
4c:60:de:51:a9:3e,photo,[WPA2-PSK-CCMP][WPS][ESS],2017-12-17 20:03:42,6,-76,32.109346472928,34.8186399964591,-2.66899358804709,8,WIFI
14:ae:db:55:45:5d,Batel,[WPA2-PSK-CCMP][WPS][ESS],2017-12-17 20:03:42,11,-93,32.109346472928,34.8186399964591,-2.66899358804709,8,WIFI
a0:ab:1b:57:21:44,Zehava123,[WPA2-PSK-CCMP][ESS][BLE],2017-12-17 20:03:42,3,-84,32.109346472928,34.8186399964591,-2.66899358804709,8,WIFI
f4:30:b9:62:f6:00,DIRECT-FF-HP DeskJet 3700 series,[WPA2-PSK-CCMP][WPS][ESS],2017-12-17 20:03:42,1,-89,32.109346472928,34.8186399964591,-2.66899358804709,8,WIFI
14:ae:db:5a:01:7d,misha5,[WPA2-PSK-CCMP][ESS],2017-12-17 20:03:42,6,-91,32.109346472928,34.8186399964591,-2.66899358804709,8,WIFI
cc:b2:55:90:5a:19,alon,[WPA2-PSK-CCMP][ESS],2017-12-17 20:03:42,1,-92,32.109346472928,34.8186399964591,-2.66899358804709,8,WIFI
a0:ab:1b:63:ab:58,lielnoam,[WPA2-PSK-CCMP][ESS][BLE],2017-12-17 20:03:42,1,-94,32.109346472928,34.8186399964591,-2.66899358804709,8,WIFI
14:ae:db:30:f8:32,Katalans,[WPA2-PSK-CCMP][ESS],2017-12-17 20:03:42,11,-94,32.109346472928,34.8186399964591,-2.66899358804709,8,WIFI
14:af:db:30:f8:32,BezeqFree,[WPA2-PSK-CCMP][ESS],2017-12-17 20:03:42,11,-94,32.109346472928,34.8186399964591,-2.66899358804709,8,WIFI
f4:30:b9:62:f6:00,DIRECT-FF-HP DeskJet 3700 series,[WPA2-PSK-CCMP][WPS][ESS],2017-12-17 20:03:45,1,-81,32.1093926403156,34.8186747460265,1.29346940643841,8,WIFI
d0:0f:6d:81:22:51,rachel,[WPA2-PSK-CCMP][ESS],2017-12-17 20:03:49,8,-91,32.1094749358642,34.8186623762555,-6.43620173194962,8,WIFI
a0:ab:1b:5e:91:c2,adatoj,[WPA2-PSK-CCMP][ESS][BLE],2017-12-17 20:03:49,9,-90,32.1094749358642,34.8186623762555,-6.43620173194962,8,WIFI
e8:d1:1b:72:4c:80,RISSO,[WPA-PSK-CCMP+TKIP][WPA2-PSK-CCMP+TKIP][ESS][BLE],2017-12-17 20:03:52,11,-89,32.1096201843671,34.8185322547653,-9.99014254071631,6,WIFI
00:8c:54:90:28:41,DORON,[WPA2-PSK-CCMP][ESS][BLE],2017-12-17 20:03:52,1,-90,32.1096201843671,34.8185322547653,-9.99014254071631,6,WIFI
40:9b:cd:d0:17:20,TNS,[WPA2-PSK-CCMP][ESS][BLE],2017-12-17 20:03:54,1,-87,32.1097339142218,34.8183987023562,-11.2998939756173,6,WIFI
74:da:39:98:2a:85,shay,[WPA2-PSK-CCMP][ESS],2017-12-17 20:03:54,11,-90,32.1097339142218,34.8183987023562,-11.2998939756173,6,WIFI
c0:ac:54:f7:f5:50,miki,[WPA-PSK-CCMP+TKIP][WPA2-PSK-CCMP+TKIP][ESS],2017-12-17 20:03:54,6,-90,32.1097339142218,34.8183987023562,-11.2998939756173,6,WIFI
14:ae:db:38:ca:3d,jt-777,[WPA2-PSK-CCMP][ESS],2017-12-17 20:03:54,1,-92,32.1097339142218,34.8183987023562,-11.2998939756173,6,WIFI
40:9b:cd:d0:17:20,TNS,[WPA2-PSK-CCMP][ESS][BLE],2017-12-17 20:03:57,1,-80,32.1099215008267,34.8181563233105,-11.4592077143461,6,WIFI
c0:ac:54:f8:b8:4a,HOTBOX-6B7E,[WPA-PSK-CCMP+TKIP][WPA2-PSK-CCMP+TKIP][ESS],2017-12-17 20:03:57,1,-90,32.1099215008267,34.8181563233105,-11.4592077143461,6,WIFI
c0:ac:54:f7:5d:30,HOTBOX-C186,[WPA-PSK-CCMP+TKIP][WPA2-PSK-CCMP+TKIP][ESS],2017-12-17 20:03:57,11,-90,32.1099215008267,34.8181563233105,-11.4592077143461,6,WIFI
1c:5f:2b:91:43:f9,Veganzzzzz,[WPA2-PSK-TKIP][WPS][ESS][BLE],2017-12-17 20:03:57,6,-89,32.1099215008267,34.8181563233105,-11.4592077143461,6,WIFI
42503_6631_568322,Pmobile,UNKNOWN;il,2017-12-17 20:03:57,0,-95,32.1099215008267,34.8181563233105,-11.4592077143461,6,GSM
10:5a:f7:09:08:92,benda_2.4,[WPA2-PSK-CCMP][ESS][BLE],2017-12-17 20:04:00,6,-88,32.1101061303344,34.8178412549948,-14.0510294162874,6,WIFI
c4:12:f5:81:67:da,lior,[WPA2-PSK-CCMP][ESS][BLE],2017-12-17 20:04:00,10,-91,32.1101061303344,34.8178412549948,-14.0510294162874,6,WIFI
60:e3:27:6c:9f:0e,Shmanmanim,[WPA2-PSK-CCMP][WPS][ESS],2017-12-17 20:04:00,1,-93,32.1101061303344,34.8178412549948,-14.0510294162874,6,WIFI
90:8d:78:54:ec:41,efrat,[WPA2-PSK-CCMP][ESS][BLE],2017-12-17 20:04:00,6,-93,32.1101061303344,34.8178412549948,-14.0510294162874,6,WIFI
52:12:f5:81:67:db,BezeqFree,[WPA2-PSK-CCMP][ESS][BLE],2017-12-17 20:04:00,10,-93,32.1101061303344,34.8178412549948,-14.0510294162874,6,WIFI
a0:ab:1b:5e:91:c2,adatoj,[WPA2-PSK-CCMP][ESS][BLE],2017-12-17 20:04:03,9,-94,32.110266283221,34.8175017571912,-12.8783630073556,6,WIFI
10:5a:f7:09:08:92,benda_2.4,[WPA2-PSK-CCMP][ESS][BLE],2017-12-17 20:04:03,6,-80,32.110266283221,34.8175017571912,-12.8783630073556,6,WIFI
90:8d:78:54:ec:41,efrat,[WPA2-PSK-CCMP][ESS][BLE],2017-12-17 20:04:03,6,-87,32.110266283221,34.8175017571912,-12.8783630073556,6,WIFI
74:ea:3a:c3:b6:e2,DANA,[WPA-PSK-CCMP][WPA2-PSK-CCMP][WPS][ESS],2017-12-17 20:04:03,1,-88,32.110266283221,34.8175017571912,-12.8783630073556,6,WIFI
d0:0f:6d:82:88:f3,Dana,[WPA2-PSK-CCMP][ESS],2017-12-17 20:04:03,9,-90,32.110266283221,34.8175017571912,-12.8783630073556,6,WIFI
14:ae:db:45:70:f5,noga21,[WPA-PSK-CCMP+TKIP][WPA2-PSK-CCMP+TKIP][WPS][ESS],2017-12-17 20:04:03,6,-92,32.110266283221,34.8175017571912,-12.8783630073556,6,WIFI
e8:fc:af:97:a9:ba,shai,[WPA2-PSK-CCMP][WPS][ESS][BLE],2017-12-17 20:04:03,1,-87,32.110266283221,34.8175017571912,-12.8783630073556,6,WIFI
14:ae:db:4b:de:45,Golan,[WPA2-PSK-CCMP+TKIP][WPS][ESS],2017-12-17 20:04:03,6,-90,32.110266283221,34.8175017571912,-12.8783630073556,6,WIFI
06:ae:db:38:ca:3d,BezeqFree,[WPA2-PSK-CCMP][ESS],2017-12-17 20:04:03,1,-93,32.110266283221,34.8175017571912,-12.8783630073556,6,WIFI
10:be:f5:3c:30:9a,vova,[WPA2-PSK-TKIP][ESS][BLE],2017-12-17 20:04:03,1,-93,32.110266283221,34.8175017571912,-12.8783630073556,6,WIFI
14:ae:db:38:ca:3d,jt-777,[WPA2-PSK-CCMP][ESS],2017-12-17 20:04:06,1,-91,32.1104237266574,34.8172034595036,-11.3393026321134,8,WIFI
06:ae:db:38:ca:3d,BezeqFree,[WPA2-PSK-CCMP][ESS],2017-12-17 20:04:06,1,-88,32.1104237266574,34.8172034595036,-11.3393026321134,8,WIFI
a0:48:1c:65:76:1a,HP-Print-1A-Deskjet 4640 series,[WPA2-PSK-CCMP][ESS],2017-12-17 20:04:06,11,-89,32.1104237266574,34.8172034595036,-11.3393026321134,8,WIFI
1c:5f:2b:91:43:f9,Veganzzzzz,[WPA2-PSK-TKIP][WPS][ESS][BLE],2017-12-17 20:04:09,6,-88,32.110578601928,34.8169483688552,-7.7888321871426,6,WIFI
42503_6631_568322,Pmobile,UNKNOWN;il,2017-12-17 20:04:09,0,-95,32.110578601928,34.8169483688552,-7.7888321871426,6,GSM
08:97:58:33:ad:a2,wifi in car-0493,[WPA-PSK-CCMP][WPS][ESS],2017-12-17 20:04:12,3,-83,32.1106644370962,34.8167806229314,-6.25698540509579,8,WIFI
62:ee:0c:3b:15:b6,BezeqFree,[WPA2-PSK-CCMP][ESS][BLE],2017-12-17 20:04:46,11,-93,32.1108176497041,34.8166181391066,-2.70007737841801,4,WIFI
42503_6631_568322,Pmobile,UNKNOWN;il,2017-12-17 20:05:03,0,-95,32.1118797900745,34.8166459543965,13.7731421711094,8,GSM
e4:6f:13:73:1c:ba,segal,[WPA2-PSK-CCMP][ESS][BLE],2017-12-17 20:05:09,9,-86,32.1127744094184,34.8167565360405,15.7147995012891,8,WIFI
42503_6631_568322,Pmobile,UNKNOWN;il,2017-12-17 20:05:12,0,-95,32.1131763269085,34.8168043000378,17.4813211353395,8,GSM
02:08:22:c4:8d:fe,X5pro,[WPA2-PSK-CCMP][WPS][ESS],2017-12-17 20:05:18,11,-83,32.1135442546896,34.8168454017996,20.4267420032143,6,WIFI
02:08:22:c4:8d:fe,X5pro,[WPA2-PSK-CCMP][WPS][ESS],2017-12-17 20:05:21,11,-76,32.1135442546896,34.8168454017996,20.45323573053,6,WIFI
6a:12:f5:ff:da:35,BezeqFree,[WPA2-PSK-CCMP][ESS][BLE],2017-12-17 20:05:21,1,-86,32.1135442546896,34.8168454017996,20.45323573053,6,WIFI
14:af:db:31:66:f2,BezeqFree,[WPA2-PSK-CCMP][ESS],2017-12-17 20:05:21,2,-90,32.1135442546896,34.8168454017996,20.45323573053,6,WIFI
14:ae:db:c6:79:b2,Harel-2.4,[WPA-PSK-CCMP+TKIP][WPA2-PSK-CCMP+TKIP][WPS][ESS],2017-12-17 20:05:21,7,-94,32.1135442546896,34.8168454017996,20.45323573053,6,WIFI
c8:be:19:09:d9:61,chenp,[WEP][ESS],2017-12-17 20:05:21,11,-90,32.1135442546896,34.8168454017996,20.45323573053,6,WIFI
14:af:db:31:66:f2,BezeqFree,[WPA2-PSK-CCMP][ESS],2017-12-17 20:05:24,2,-70,32.1135442546896,34.8168454017996,20.488915976034,6,WIFI
14:ae:db:31:66:f2,sam2,[WPA2-PSK-CCMP][ESS],2017-12-17 20:05:30,2,-85,32.1135442546896,34.8168454017996,20.739714995724,8,WIFI
14:ae:db:b7:e8:65,aazur,[WPA2-PSK-CCMP][ESS],2017-12-17 20:05:33,11,-94,32.1135980090348,34.8168490093795,24.7330781617392,4,WIFI
a4:2b:b0:d6:2b:d2,TP-LINK_AP_2BD2,[WPS][ESS],2017-12-17 20:05:33,5,-91,32.1135980090348,34.8168490093795,24.7330781617392,4,WIFI
14:9d:09:80:03:09,HUAWEI-0309,[WPA2-PSK-CCMP][WPS][ESS],2017-12-17 20:05:38,3,-74,32.1140545893439,34.8169046565604,29.6139506713769,4,WIFI
42503_6631_568322,Pmobile,UNKNOWN;il,2017-12-17 20:05:41,0,-95,32.1144453261004,34.8169556305319,31.1167734248006,4,GSM
0c:f4:d5:3c:53:7c,Cafeteria,[WPA2-PSK-CCMP][ESS][BLE],2017-12-17 20:05:47,36,-82,32.1154045262144,34.8171360545296,32.6896769787383,8,WIFI
14:cc:20:d0:1e:9f,HOTFiber-Stitch,[WPA-PSK-CCMP][WPA2-PSK-CCMP][WPS][ESS],2017-12-17 20:05:47,40,-86,32.1154045262144,34.8171360545296,32.6896769787383,8,WIFI
14:cc:20:d0:1e:9e,HOTFiber-Stitch,[WPA-PSK-CCMP][WPA2-PSK-CCMP][WPS][ESS],2017-12-17 20:05:47,6,-88,32.1154045262144,34.8171360545296,32.6896769787383,8,WIFI
0c:f4:d5:7c:53:7c,Kirya-Wifi,[ESS][BLE],2017-12-17 20:05:47,36,-82,32.1154045262144,34.8171360545296,32.6896769787383,8,WIFI
08:1f:f3:e0:03:e0,Afeka-Wifi,[ESS][BLE],2017-12-17 20:05:47,9,-90,32.1154045262144,34.8171360545296,32.6896769787383,8,WIFI
14:ae:db:c7:fb:0d,cohen_family,[WPA2-PSK-CCMP][ESS],2017-12-17 20:05:50,9,-87,32.1159698194435,34.8172793359773,33.0791415044792,6,WIFI
06:ae:db:c7:fb:0d,BezeqFree,[WPA2-PSK-CCMP][ESS],2017-12-17 20:05:50,9,-88,32.1159698194435,34.8172793359773,33.0791415044792,6,WIFI
5c:83:8f:0a:53:43,SOS,[WPA2-PSK-CCMP][ESS][BLE],2017-12-17 20:05:50,6,-92,32.1159698194435,34.8172793359773,33.0791415044792,6,WIFI
42503_6631_568322,Pmobile,UNKNOWN;il,2017-12-17 20:05:50,0,-95,32.1159698194435,34.8172793359773,33.0791415044792,6,GSM
0c:f4:d5:3c:53:7c,Cafeteria,[WPA2-PSK-CCMP][ESS][BLE],2017-12-17 20:05:53,36,-82,32.1165332092917,34.8174537925032,33.7036095897017,6,WIFI
14:cc:20:d0:1e:9f,HOTFiber-Stitch,[WPA-PSK-CCMP][WPA2-PSK-CCMP][WPS][ESS],2017-12-17 20:05:53,40,-86,32.1165332092917,34.8174537925032,33.7036095897017,6,WIFI
14:cc:20:d0:1e:9e,HOTFiber-Stitch,[WPA-PSK-CCMP][WPA2-PSK-CCMP][WPS][ESS],2017-12-17 20:05:53,6,-88,32.1165332092917,34.8174537925032,33.7036095897017,6,WIFI
0c:f4:d5:7c:53:7c,Kirya-Wifi,[ESS][BLE],2017-12-17 20:05:53,36,-82,32.1165332092917,34.8174537925032,33.7036095897017,6,WIFI
08:1f:f3:e0:03:e0,Afeka-Wifi,[ESS][BLE],2017-12-17 20:05:53,9,-90,32.1165332092917,34.8174537925032,33.7036095897017,6,WIFI
14:ae:db:c7:fb:0d,cohen_family,[WPA2-PSK-CCMP][ESS],2017-12-17 20:05:56,9,-87,32.117042270596,34.8176525464176,34.2878373412911,6,WIFI
06:ae:db:c7:fb:0d,BezeqFree,[WPA2-PSK-CCMP][ESS],2017-12-17 20:05:56,9,-88,32.117042270596,34.8176525464176,34.2878373412911,6,WIFI
5c:83:8f:0a:53:43,SOS,[WPA2-PSK-CCMP][ESS][BLE],2017-12-17 20:05:56,6,-92,32.117042270596,34.8176525464176,34.2878373412911,6,WIFI
42503_6631_568322,Pmobile,UNKNOWN;il,2017-12-17 20:05:56,0,-95,32.117042270596,34.8176525464176,34.2878373412911,6,GSM
4a:d9:e7:4d:9a:46,Azougy,[WPA-PSK-CCMP][WPA2-PSK-CCMP][ESS],2017-12-17 20:05:59,11,-91,32.1174904768344,34.8178528143509,34.843739403131,6,WIFI
42503_6631_568323,Pmobile,UNKNOWN;il,2017-12-17 20:05:59,0,-95,32.1174904768344,34.8178528143509,34.843739403131,6,GSM
42503_6631_568321,Pmobile,UNKNOWN;il,2017-12-17 20:06:08,0,-95,32.1180789113905,34.8181024547849,36.208729001243,4,GSM
50:8f:4c:42:05:7a,avishp,[WPA2-PSK-CCMP][ESS],2017-12-17 20:06:17,11,-87,32.1180959638532,34.8181143697756,36.2695893286654,4,WIFI
50:8f:4c:42:05:7a,avishp,[WPA2-PSK-CCMP][ESS],2017-12-17 20:06:26,11,-81,32.1185335705524,34.8181563014608,38.4916335075173,6,WIFI
10:be:f5:3d:c2:7a,Bezeq_WiFi,[ESS][BLE],2017-12-17 20:06:26,11,-89,32.1185335705524,34.8181563014608,38.4916335075173,6,WIFI
42503_6631_568323,Pmobile,UNKNOWN;il,2017-12-17 20:06:26,0,-95,32.1185335705524,34.8181563014608,38.4916335075173,6,GSM
50:8f:4c:42:05:7a,avishp,[WPA2-PSK-CCMP][ESS],2017-12-17 20:06:35,11,-81,32.1187945800899,34.817130569373,40.8969859028062,4,WIFI
14:ae:db:3d:81:02,butz,[WPA2-PSK-CCMP][ESS],2017-12-17 20:06:35,2,-87,32.1187945800899,34.817130569373,40.8969859028062,4,WIFI
42503_6631_568323,Pmobile,UNKNOWN;il,2017-12-17 20:06:35,0,-95,32.1187945800899,34.817130569373,40.8969859028062,4,GSM
50:8f:4c:42:05:7a,avishp,[WPA2-PSK-CCMP][ESS],2017-12-17 20:06:44,11,-83,32.1189011140154,34.8158471956309,43.85784172961,4,WIFI
58:70:c6:fe:34:51,YICarCam_fe3451,[WPA2-PSK-CCMP][WPS][ESS],2017-12-17 20:06:44,7,-85,32.1189011140154,34.8158471956309,43.85784172961,4,WIFI
42503_6631_568323,Pmobile,UNKNOWN;il,2017-12-17 20:06:44,0,-95,32.1189011140154,34.8158471956309,43.85784172961,4,GSM
50:8f:4c:42:05:7a,avishp,[WPA2-PSK-CCMP][ESS],2017-12-17 20:06:50,11,-78,32.1189169320016,34.8149092566955,45.5603253792851,4,WIFI
42503_6631_568323,Pmobile,UNKNOWN;il,2017-12-17 20:06:53,0,-95,32.1189329505613,34.8143544629744,46.1370947062344,4,GSM
50:8f:4c:42:05:7a,avishp,[WPA2-PSK-CCMP][ESS],2017-12-17 20:06:56,11,-74,32.118963071938,34.8137718432671,46.342679770152,4,WIFI
42503_6631_568323,Pmobile,UNKNOWN;il,2017-12-17 20:06:59,0,-95,32.1189975828445,34.813235135061,46.3774591835058,4,GSM
48:f8:b3:f0:5f:b0,ANKORION,[WPA-PSK-CCMP+TKIP][WPA2-PSK-CCMP+TKIP][WPS][ESS],2017-12-17 20:07:02,1,-85,32.1189973539704,34.8128017012407,46.4255353920343,4,WIFI
e0:46:9a:66:03:00,pisk1,[WPA2-PSK-CCMP][WPS][ESS],2017-12-17 20:07:02,11,-91,32.1189973539704,34.8128017012407,46.4255353920343,4,WIFI
14:ae:db:a1:fe:55,TEAM,[WPA-PSK-CCMP+TKIP][WPA2-PSK-CCMP+TKIP][WPS][ESS],2017-12-17 20:07:05,6,-90,32.1190167880342,34.8123453772787,46.1715834256263,4,WIFI
42503_6631_319489,Pmobile,UNKNOWN;il,2017-12-17 20:07:05,0,-95,32.1190167880342,34.8123453772787,46.1715834256263,4,GSM
42503_6631_319489,Pmobile,UNKNOWN;il,2017-12-17 20:07:14,0,-95,32.1194709766318,34.8111719923804,45.1969464554239,4,GSM
42503_6631_319489,Pmobile,UNKNOWN;il,2017-12-17 20:07:26,0,-95,32.120812362298,34.8108295638517,39.6249074986443,4,GSM
42503_6631_319489,Pmobile,UNKNOWN;il,2017-12-17 20:07:35,0,-95,32.1221100591757,34.8107004758593,37.6102276771149,4,GSM
42503_6631_319489,Pmobile,UNKNOWN;il,2017-12-17 20:07:41,0,-95,32.1231643120359,34.8106737895181,38.0046467581584,4,GSM
42503_6631_259586,Pmobile,UNKNOWN;il,2017-12-17 20:07:44,0,-95,32.1237171270001,34.8106638766197,38.167875420404,4,GSM
42503_6631_259586,Pmobile,UNKNOWN;il,2017-12-17 20:07:50,0,-95,32.1249808210602,34.8106034425858,38.9215811059918,4,GSM
42503_6631_259586,Pmobile,UNKNOWN;il,2017-12-17 20:07:56,0,-95,32.1263201117881,34.8105590603955,39.7459866188775,4,GSM
42503_6631_259586,Pmobile,UNKNOWN;il,2017-12-17 20:08:02,0,-95,32.1277389536994,34.8105072631688,39.7327695351028,4,GSM
42503_6631_259586,Pmobile,UNKNOWN;il,2017-12-17 20:08:08,0,-95,32.1293192400041,34.8104583627237,39.99540501766,4,GSM
42503_6631_259586,Pmobile,UNKNOWN;il,2017-12-17 20:08:14,0,-95,32.130915427895,34.8104114417839,40.2248550195371,4,GSM
42503_6631_259586,Pmobile,UNKNOWN;il,2017-12-17 20:08:20,0,-95,32.1324087017264,34.8103402473368,40.5205058699669,4,GSM
42503_6641_592388,Pmobile,UNKNOWN;il,2017-12-17 20:08:26,0,-95,32.1339593979061,34.8102456667242,40.4274200147136,4,GSM
42503_6641_260098,Pmobile,UNKNOWN;il,2017-12-17 20:08:29,0,-95,32.134798729576,34.8102222685434,40.4285560121088,4,GSM
42503_6641_260098,Pmobile,UNKNOWN;il,2017-12-17 20:08:35,0,-95,32.1365059506661,34.8101828475629,40.2729880273811,4,GSM
42503_6641_260098,Pmobile,UNKNOWN;il,2017-12-17 20:08:41,0,-95,32.1381162672857,34.8101450242836,40.0253333711329,4,GSM
42503_6641_260097,Pmobile,UNKNOWN;il,2017-12-17 20:08:47,0,-95,32.1395581983358,34.8101230336576,39.2476025793428,6,GSM
42503_6641_260097,Pmobile,UNKNOWN;il,2017-12-17 20:08:53,0,-95,32.140959540799,34.8100912833105,38.8623405443939,6,GSM
42503_6641_260097,Pmobile,UNKNOWN;il,2017-12-17 20:08:59,0,-95,32.1423309668324,34.8101466708384,38.9798599081332,6,GSM
42503_6641_260097,Pmobile,UNKNOWN;il,2017-12-17 20:09:05,0,-95,32.1435312940052,34.8103224362605,39.7302492053521,4,GSM
42503_6641_260097,Pmobile,UNKNOWN;il,2017-12-17 20:09:11,0,-95,32.1446137227634,34.8105951513886,40.6589645169496,4,GSM
42503_6641_297475,Pmobile,UNKNOWN;il,2017-12-17 20:09:17,0,-95,32.1455033084457,34.8108936005943,41.8935381946885,4,GSM
42503_6641_297475,Pmobile,UNKNOWN;il,2017-12-17 20:09:26,0,-95,32.1468028282755,34.8113913506633,41.8904328498771,6,GSM
42503_6641_297475,Pmobile,UNKNOWN;il,2017-12-17 20:09:32,0,-95,32.1478290135844,34.8117844202924,41.7491056206071,4,GSM
42503_6641_297475,Pmobile,UNKNOWN;il,2017-12-17 20:09:38,0,-95,32.1490512465541,34.8122407989437,41.7930478652257,4,GSM
42503_6641_297475,Pmobile,UNKNOWN;il,2017-12-17 20:09:44,0,-95,32.1502872433997,34.8126969145499,42.0044960497627,4,GSM
42503_6641_297475,Pmobile,UNKNOWN;il,2017-12-17 20:09:50,0,-95,32.1515941492145,34.8131870038341,42.2220408369538,4,GSM
42503_6641_297473,Pmobile,UNKNOWN;il,2017-12-17 20:09:53,0,-95,32.1522813645759,34.8134381145609,42.1952127620232,4,GSM
42503_6641_297473,Pmobile,UNKNOWN;il,2017-12-17 20:09:59,0,-95,32.1536286341806,34.8139417960198,42.1118180935525,4,GSM
42503_6641_297473,Pmobile,UNKNOWN;il,2017-12-17 20:10:05,0,-95,32.155074697414,34.814487855482,42.4869985211849,4,GSM
42503_6641_297473,Pmobile,UNKNOWN;il,2017-12-17 20:10:11,0,-95,32.1564819473413,34.8150693819954,42.761142463738,4,GSM
42503_6641_297473,Pmobile,UNKNOWN;il,2017-12-17 20:10:17,0,-95,32.1578453387106,34.8156077526025,43.0108466555384,4,GSM
42503_6641_297473,Pmobile,UNKNOWN;il,2017-12-17 20:10:24,0,-95,32.1592768857392,34.8161558228879,43.3297130936818,4,GSM
42503_6641_297473,Pmobile,UNKNOWN;il,2017-12-17 20:10:29,0,-95,32.1603181827634,34.8165541876901,43.3552442868503,4,GSM
42503_6641_297473,Pmobile,UNKNOWN;il,2017-12-17 20:10:36,0,-95,32.1615932978746,34.8170221187213,42.9851896228053,6,GSM
fa:bb:2c:7c:d0:df,iPhone,[WPA2-PSK-CCMP][ESS],2017-12-17 20:10:45,6,-95,32.1629594107732,34.8175285389408,41.9332360105237,4,WIFI
42503_6641_297473,Pmobile,UNKNOWN;il,2017-12-17 20:10:45,0,-95,32.1629594107732,34.8175285389408,41.9332360105237,4,GSM
fa:bb:2c:7c:d0:df,iPhone,[WPA2-PSK-CCMP][ESS],2017-12-17 20:10:51,6,-91,32.1639631316283,34.8179314648179,42.0062255614252,6,WIFI
42503_6641_297473,Pmobile,UNKNOWN;il,2017-12-17 20:10:51,0,-95,32.1639631316283,34.8179314648179,42.0062255614252,6,GSM
42503_6711_305666,Pmobile,UNKNOWN;il,2017-12-17 20:10:54,0,-95,32.1644583689274,34.8181433398523,42.154421806455,4,GSM
42503_6711_305666,Pmobile,UNKNOWN;il,2017-12-17 20:11:02,0,-95,32.1658696311319,34.8187832643403,42.7926354864935,4,GSM
42503_6711_305666,Pmobile,UNKNOWN;il,2017-12-17 20:11:08,0,-95,32.1670066863337,34.8193139013128,43.2823307768168,4,GSM
42503_6711_305666,Pmobile,UNKNOWN;il,2017-12-17 20:11:14,0,-95,32.168182635275,34.8198613264939,43.4252762828753,6,GSM
42503_6711_305667,Pmobile,UNKNOWN;il,2017-12-17 20:11:17,0,-95,32.1687665602775,34.8201238878624,43.4410775975341,6,GSM
42503_6711_305667,Pmobile,UNKNOWN;il,2017-12-17 20:11:23,0,-95,32.1699452952615,34.8206994109506,43.3378302345079,6,GSM
42503_6711_305667,Pmobile,UNKNOWN;il,2017-12-17 20:11:29,0,-95,32.171130377354,34.821292286796,43.1841231089579,8,GSM
42503_6711_305667,Pmobile,UNKNOWN;il,2017-12-17 20:11:35,0,-95,32.1723776774128,34.8219406163322,42.8291612880198,12,GSM
42503_6711_305667,Pmobile,UNKNOWN;il,2017-12-17 20:11:41,0,-95,32.1735736272581,34.8225856023423,42.4101295553407,8,GSM
42503_6711_305667,Pmobile,UNKNOWN;il,2017-12-17 20:11:47,0,-95,32.1747254197824,34.8232027148037,41.9078723208371,8,GSM
42503_6711_301570,Pmobile,UNKNOWN;il,2017-12-17 20:11:50,0,-95,32.1752492915712,34.8234976053808,41.7250291002303,16,GSM
42503_6711_305667,Pmobile,UNKNOWN;il,2017-12-17 20:11:53,0,-95,32.1757436491008,34.8238174119792,41.1292713120645,12,GSM
42503_6711_301570,Pmobile,UNKNOWN;il,2017-12-17 20:11:59,0,-95,32.1767858100355,34.8245061409546,40.5952253936727,12,GSM
42503_6711_305667,Pmobile,UNKNOWN;il,2017-12-17 20:12:05,0,-95,32.1777568768582,34.8253567790945,41.6880234447551,12,GSM
f2:11:aa:09:8b:f9,twc,[WEP][IBSS],2017-12-17 20:12:08,7,-93,32.1781418886192,34.8257226037057,42.161966192585,8,WIFI
42503_6711_301570,Pmobile,UNKNOWN;il,2017-12-17 20:12:08,0,-95,32.1781418886192,34.8257226037057,42.161966192585,8,GSM
42503_6711_412675,Pmobile,UNKNOWN;il,2017-12-17 20:12:17,0,-95,32.1787352718238,34.8262530494851,42.9152915220803,16,GSM
42503_6711_412675,Pmobile,UNKNOWN;il,2017-12-17 20:12:29,0,-95,32.1788113876038,34.8275446562914,44.9874728572713,16,GSM
42503_6711_412675,Pmobile,UNKNOWN;il,2017-12-17 20:12:38,0,-95,32.1786544954335,34.8289811885783,43.7939978304125,16,GSM
58:70:c6:f7:ed:9d,YICarCam_f7ed9d,[WPA2-PSK-CCMP][WPS][ESS],2017-12-17 20:12:47,5,-77,32.1784152362709,34.8302705469209,42.8502680486441,32,WIFI
42503_6711_412675,Pmobile,UNKNOWN;il,2017-12-17 20:12:47,0,-95,32.1784152362709,34.8302705469209,42.8502680486441,32,GSM
42503_6711_412675,Pmobile,UNKNOWN;il,2017-12-17 20:12:59,0,-95,32.1772438468544,34.8305394097546,39.881354385409,32,GSM
42503_6711_412674,Pmobile,UNKNOWN;il,2017-12-17 20:13:02,0,-95,32.1766199221445,34.8304218212797,38.4289919543058,32,GSM
10:62:eb:7c:0f:6c,RoyBello,[WPA-PSK-CCMP][WPA2-PSK-CCMP][ESS],2017-12-17 20:13:05,5,-94,32.1760609374758,34.8301237102506,36.7350237352028,32,WIFI
80:ea:96:ed:e5:7c,ZulaNet2,[WPA2-PSK-CCMP][ESS],2017-12-17 20:13:08,11,-91,32.1755509689493,34.82991827087,35.2399790114627,16,WIFI
42503_6711_412674,Pmobile,UNKNOWN;il,2017-12-17 20:13:08,0,-95,32.1755509689493,34.82991827087,35.2399790114627,16,GSM
14:91:82:97:56:a8,nessim,[WPA2-PSK-CCMP][ESS],2017-12-17 20:13:11,132,-89,32.1750654348984,34.8297600763967,34.3748882975513,12,WIFI
42503_6641_411649,Pmobile,UNKNOWN;il,2017-12-17 20:13:11,0,-95,32.1750654348984,34.8297600763967,34.3748882975513,12,GSM
14:91:82:97:56:a8,nessim,[WPA2-PSK-CCMP][ESS],2017-12-17 20:13:17,132,-89,32.1740593516489,34.8295167597991,33.8646463621928,16,WIFI
42503_6711_305665,Pmobile,UNKNOWN;il,2017-12-17 20:13:17,0,-95,32.1740593516489,34.8295167597991,33.8646463621928,16,GSM
42503_6711_305665,Pmobile,UNKNOWN;il,2017-12-17 20:13:26,0,-95,32.1725797261195,34.8292740167333,33.3766387186425,8,GSM
42503_6711_305665,Pmobile,UNKNOWN;il,2017-12-17 20:13:35,0,-95,32.1713727709904,34.8289763661995,33.6836424957206,8,GSM
08:97:58:33:f5:b2,NIPPON_4580,[WPA-PSK-CCMP][WPS][ESS],2017-12-17 20:13:41,1,-86,32.1709735269503,34.8287111926942,34.1509141953445,16,WIFI
08:97:58:33:31:1a,NIPPON_5760,[WPA-PSK-CCMP][WPS][ESS],2017-12-17 20:13:44,1,-87,32.1709019947198,34.828348955211,34.6294798647053,12,WIFI
42503_6711_305665,Pmobile,UNKNOWN;il,2017-12-17 20:13:47,0,-95,32.1709174675107,34.8278379390927,34.5939516664917,16,GSM
08:97:58:33:31:1a,NIPPON_5760,[WPA-PSK-CCMP][WPS][ESS],2017-12-17 20:13:50,1,-87,32.1710355759086,34.8271845739831,34.4961307594618,16,WIFI
42503_6711_305665,Pmobile,UNKNOWN;il,2017-12-17 20:13:53,0,-95,32.1711277754671,34.8265233895389,34.4289434638582,12,GSM
88:dc:96:33:6c:38,EnGenius336C38,[ESS],2017-12-17 20:13:56,11,-85,32.1711968077575,34.8258869739048,33.9913688804267,12,WIFI
3c:1e:04:07:73:8e,012_2.4,[ESS][BLE],2017-12-17 20:13:59,6,-91,32.1712443985812,34.8253436975175,33.3389364140953,8,WIFI
42503_6711_305665,Pmobile,UNKNOWN;il,2017-12-17 20:13:59,0,-95,32.1712443985812,34.8253436975175,33.3389364140953,8,GSM
42503_6711_305667,Pmobile,UNKNOWN;il,2017-12-17 20:14:02,0,-95,32.171232645757,34.8249950537795,32.4540044260076,6,GSM
88:dc:96:33:6c:38,EnGenius336C38,[ESS],2017-12-17 20:14:05,11,-84,32.1712933398906,34.8247866489815,32.1331779337699,16,WIFI
42503_6711_305667,Pmobile,UNKNOWN;il,2017-12-17 20:14:20,0,-95,32.1701775182113,34.8246289296839,30.6427954720966,8,GSM
42503_6711_305667,Pmobile,UNKNOWN;il,2017-12-17 20:14:29,0,-95,32.1690582308127,34.8243821728775,31.2377872039797,8,GSM
42503_6711_305667,Pmobile,UNKNOWN;il,2017-12-17 20:14:41,0,-95,32.1678349641758,34.8239443043411,34.4294028631331,16,GSM
00:0c:42:69:e4:83,,[ESS],2017-12-17 20:14:50,13,-92,32.1665087334903,34.8235896691994,36.8259640225097,12,WIFI
42503_6711_305667,Pmobile,UNKNOWN;il,2017-12-17 20:14:50,0,-95,32.1665087334903,34.8235896691994,36.8259640225097,12,GSM
42503_6711_305666,Pmobile,UNKNOWN;il,2017-12-17 20:14:53,0,-95,32.1662326756054,34.8235128070342,37.3299353560623,16,GSM
14:ae:db:b3:ef:a5,eishaeisha,[WPA2-PSK-CCMP][ESS],2017-12-17 20:15:17,6,-91,32.165297676475,34.8232714118958,38.279956692335,12,WIFI
42503_6711_305666,Pmobile,UNKNOWN;il,2017-12-17 20:15:20,0,-95,32.1650310582157,34.8232181088938,38.5537994151251,8,GSM
d8:c7:c8:ce:27:f1,A-Team,[WPA2-PSK-CCMP][ESS],2017-12-17 20:15:26,11,-82,32.1647398063799,34.8231253903176,39.1315300545613,8,WIFI
d8:c7:c8:ce:27:f0,Aroma B-Zone,[ESS],2017-12-17 20:15:26,11,-81,32.1647398063799,34.8231253903176,39.1315300545613,8,WIFI
00:1a:dd:f4:75:44,Metropoline WIFI1,[ESS],2017-12-17 20:15:26,11,-84,32.1647398063799,34.8231253903176,39.1315300545613,8,WIFI
00:21:63:99:1a:0b,pealton4,[WEP][ESS],2017-12-17 20:15:29,6,-89,32.1647398063799,34.8231253903176,39.1948172304504,8,WIFI
c4:10:8a:33:e1:a8,7STARS,[ESS],2017-12-17 20:15:29,1,-86,32.1647398063799,34.8231253903176,39.1948172304504,8,WIFI
b0:48:7a:e0:cf:2e,InPOS_Admin,[WPS][ESS],2017-12-17 20:15:32,4,-95,32.1647398063799,34.8231253903176,39.2072591071869,12,WIFI
ec:1f:72:45:7d:50,AndroidR,[WPA2-PSK-CCMP][ESS][SEC80][SECD00],2017-12-17 20:15:35,1,-84,32.1647398063799,34.8231253903176,39.3279095416426,8,WIFI
94:b4:0f:d1:91:71,,[WPA2-EAP-CCMP][ESS][BLE],2017-12-17 20:15:38,58,-89,32.1646869624721,34.8230967762605,39.4661461182334,6,WIFI
94:b4:0f:d1:91:73,,[WPA2-EAP-CCMP][ESS][BLE],2017-12-17 20:15:38,58,-90,32.1646869624721,34.8230967762605,39.4661461182334,6,WIFI
94:b4:0f:d1:91:74,,[WPA2-EAP-CCMP][ESS][BLE],2017-12-17 20:15:38,58,-91,32.1646869624721,34.8230967762605,39.4661461182334,6,WIFI
94:b4:0f:d1:91:72,,[WPA2-EAP-CCMP][ESS][BLE],2017-12-17 20:15:38,58,-91,32.1646869624721,34.8230967762605,39.4661461182334,6,WIFI
94:b4:0f:d1:91:70,Life,[ESS][BLE],2017-12-17 20:15:38,58,-90,32.1646869624721,34.8230967762605,39.4661461182334,6,WIFI
94:b4:0f:d1:91:61,,[WPA2-EAP-CCMP][ESS][BLE],2017-12-17 20:15:41,6,-93,32.1646869624721,34.8230967762605,39.5670631704921,8,WIFI
c4:10:8a:b3:e1:a3,,[WPA2-PSK-CCMP][ESS],2017-12-17 20:15:56,1,-90,32.1646151612168,34.8230752240535,40.4629557116569,6,WIFI
6c:3b:6b:c4:7e:6b,Egged.co.il,[ESS],2017-12-17 20:15:56,6,-88,32.1646151612168,34.8230752240535,40.4629557116569,6,WIFI
42503_6711_379395,Pmobile,UNKNOWN;il,2017-12-17 20:15:56,0,-95,32.1646151612168,34.8230752240535,40.4629557116569,6,GSM
6c:3b:6b:c4:7e:6b,Egged.co.il,[ESS],2017-12-17 20:15:59,6,-83,32.1646151612168,34.8230752240535,40.6011332939972,8,WIFI
00:21:63:99:1a:0b,pealton4,[WEP][ESS],2017-12-17 20:16:08,6,-84,32.1646151612168,34.8230752240535,41.1075351388717,6,WIFI
c4:10:8a:33:dc:28,7STARS,[ESS],2017-12-17 20:16:08,1,-89,32.1646151612168,34.8230752240535,41.1075351388717,6,WIFI
c4:10:8a:b3:e1:a3,,[WPA2-PSK-CCMP][ESS],2017-12-17 20:16:11,1,-77,32.1646151612168,34.8230752240535,41.2415661290054,6,WIFI
08:97:58:33:db:68,NIPPON_2742,[WPA-PSK-CCMP][WPS][ESS],2017-12-17 20:16:20,4,-92,32.1645675214212,34.8230471506334,41.5156308096878,8,WIFI
c0:ee:fb:4a:bb:58,OnePlus2,[WPA2-PSK-CCMP][ESS],2017-12-17 20:16:32,1,-88,32.1643691253064,34.8230133613116,41.9737089394139,12,WIFI
00:26:b4:1d:4a:2e,SYNC_XNB41R89,[WPA2-PSK-CCMP+TKIP][ESS],2017-12-17 20:16:35,1,-90,32.1642819357116,34.8230111770627,42.0891131555183,16,WIFI
00:90:8f:39:e7:a8,Emanuel,[WPA-PSK-CCMP+TKIP][WPA2-PSK-CCMP+TKIP][ESS][BLE],2017-12-17 20:16:44,8,-91,32.1639254538068,34.8229981805776,42.9275812806536,12,WIFI
c4:10:8a:33:e1:a8,7STARS,[ESS],2017-12-17 20:16:50,1,-91,32.163708418643,34.8230097194992,42.5582821217467,6,WIFI
d8:c7:c8:ce:27:f0,Aroma B-Zone,[ESS],2017-12-17 20:16:50,11,-91,32.163708418643,34.8230097194992,42.5582821217467,6,WIFI
6c:3b:6b:c4:7e:6b,Egged.co.il,[ESS],2017-12-17 20:16:50,6,-77,32.163708418643,34.8230097194992,42.5582821217467,6,WIFI
42503_6711_379395,Pmobile,UNKNOWN;il,2017-12-17 20:16:53,0,-95,32.1635238235664,34.8230807927554,42.3257362308499,6,GSM
c0:ee:fb:4a:bb:58,OnePlus2,[WPA2-PSK-CCMP][ESS],2017-12-17 20:17:07,1,-83,32.1630001335221,34.822609235049,40.7696960726887,4,WIFI
c0:ee:fb:4a:bb:58,OnePlus2,[WPA2-PSK-CCMP][ESS],2017-12-17 20:17:10,1,-78,32.162808237187,34.8221808347458,40.7302989269439,4,WIFI
6c:3b:6b:c4:7e:6b,Egged.co.il,[ESS],2017-12-17 20:17:13,6,-89,32.1626005612703,34.8216960232106,40.7946238257412,4,WIFI
42503_6711_379395,Pmobile,UNKNOWN;il,2017-12-17 20:17:13,0,-95,32.1626005612703,34.8216960232106,40.7946238257412,4,GSM
c0:ee:fb:4a:bb:58,OnePlus2,[WPA2-PSK-CCMP][ESS],2017-12-17 20:17:19,1,-88,32.1621460102883,34.8206914924192,40.1722147348471,6,WIFI
42503_6711_379395,Pmobile,UNKNOWN;il,2017-12-17 20:17:19,0,-95,32.1621460102883,34.8206914924192,40.1722147348471,6,GSM
42503_6711_379395,Pmobile,UNKNOWN;il,2017-12-17 20:17:28,0,-95,32.161525895462,34.8192535924322,39.6769494336119,8,GSM
42503_6711_305666,Pmobile,UNKNOWN;il,2017-12-17 20:17:40,0,-95,32.161346341814,34.8186944015151,39.9150483625524,8,GSM
42503_6641_297473,Pmobile,UNKNOWN;il,2017-12-17 20:17:54,0,-95,32.1608927544967,34.8174490609047,37.7831177651406,8,GSM
42503_6641_297473,Pmobile,UNKNOWN;il,2017-12-17 20:18:00,0,-95,32.1606143229694,34.8163479337424,37.1903355423335,8,GSM
42503_6641_297473,Pmobile,UNKNOWN;il,2017-12-17 20:18:09,0,-95,32.1603492906822,34.814932526054,36.6907273365499,12,GSM
42503_6641_323074,Pmobile,UNKNOWN;il,2017-12-17 20:18:12,0,-95,32.1603010242972,34.8145841967877,36.7452381021806,16,GSM
c0:ee:fb:4a:bb:58,OnePlus2,[WPA2-PSK-CCMP][ESS],2017-12-17 20:18:19,1,-82,32.1602216100053,34.8141810950723,36.9660458410999,24,WIFI
00:1d:c9:08:62:0a,REMOTE76dyyz,[WPA2-PSK-CCMP][ESS],2017-12-17 20:18:41,3,-93,32.1603218031915,34.8144645673714,36.7026013272822,8,WIFI
42503_6641_323074,Pmobile,UNKNOWN;il,2017-12-17 20:18:50,0,-95,32.1603859330761,34.8135602651211,34.5656845545694,16,GSM
c0:ee:fb:4a:bb:58,OnePlus2,[WPA2-PSK-CCMP][ESS],2017-12-17 20:18:53,1,-83,32.1603542736128,34.813094953525,35.0042741919627,16,WIFI
42503_6641_323074,Pmobile,UNKNOWN;il,2017-12-17 20:18:59,0,-95,32.1602893266387,34.8122154654317,35.6552647977279,16,GSM
42503_6641_303618,Pmobile,UNKNOWN;il,2017-12-17 20:19:11,0,-95,32.1613406362023,34.8120645220751,37.3352372354239,12,GSM
42503_6641_303618,Pmobile,UNKNOWN;il,2017-12-17 20:19:17,0,-95,32.1623632248001,34.8125426230427,39.4031215056873,12,GSM
42503_6641_303618,Pmobile,UNKNOWN;il,2017-12-17 20:19:23,0,-95,32.1634119834877,34.8130253167452,40.9460746975824,8,GSM
42503_6641_303618,Pmobile,UNKNOWN;il,2017-12-17 20:19:29,0,-95,32.1646836022149,34.8136503479624,42.4010635529369,8,GSM
a4:2b:b0:fb:58:16,RSFP-02,[WPA-PSK-CCMP+TKIP][WPA2-PSK-CCMP+TKIP][WPS][ESS],2017-12-17 20:19:35,4,-90,32.1660242307805,34.8139623848496,43.437181774525,8,WIFI
42503_6641_303618,Pmobile,UNKNOWN;il,2017-12-17 20:19:35,0,-95,32.1660242307805,34.8139623848496,43.437181774525,8,GSM
70:3a:cb:e7:17:0f,IE-Clan,[WPA2-PSK-CCMP][ESS],2017-12-17 20:19:38,6,-95,32.1666521190841,34.814043336293,43.4273477910837,8,WIFI
42503_6641_303617,Pmobile,UNKNOWN;il,2017-12-17 20:19:38,0,-95,32.1666521190841,34.814043336293,43.4273477910837,8,GSM
a4:2b:b0:fb:58:16,RSFP-02,[WPA-PSK-CCMP+TKIP][WPA2-PSK-CCMP+TKIP][WPS][ESS],2017-12-17 20:19:41,4,-90,32.1672116461225,34.8141138281159,43.2277551923396,8,WIFI
70:3a:cb:e7:17:0f,IE-Clan,[WPA2-PSK-CCMP][ESS],2017-12-17 20:19:44,6,-95,32.1677525617681,34.8141513120285,43.7459557421928,12,WIFI
34:0a:66:21:21:60,Kavim-wifi,[ESS],2017-12-17 20:19:44,7,-79,32.1677525617681,34.8141513120285,43.7459557421928,12,WIFI
42503_6641_303617,Pmobile,UNKNOWN;il,2017-12-17 20:19:44,0,-95,32.1677525617681,34.8141513120285,43.7459557421928,12,GSM
00:11:f5:f0:cb:28,Egged.co.il,[ESS],2017-12-17 20:19:47,1,-89,32.1683135903663,34.8141866873383,44.2079390194659,8,WIFI
34:0a:66:21:21:60,Kavim-wifi,[ESS],2017-12-17 20:19:50,7,-79,32.1688605263058,34.8142143700188,44.6767218545561,8,WIFI
42503_6641_303617,Pmobile,UNKNOWN;il,2017-12-17 20:19:50,0,-95,32.1688605263058,34.8142143700188,44.6767218545561,8,GSM
00:11:f5:f0:cb:28,Egged.co.il,[ESS],2017-12-17 20:19:53,1,-89,32.1694136090948,34.8142350976832,45.258525753048,8,WIFI
42503_6641_303617,Pmobile,UNKNOWN;il,2017-12-17 20:19:56,0,-95,32.1700080710739,34.8142672065108,45.5553602544499,8,GSM
42503_6641_303617,Pmobile,UNKNOWN;il,2017-12-17 20:20:02,0,-95,32.1712905879477,34.8145556688568,45.8042836617695,8,GSM
42503_6711_301571,Pmobile,UNKNOWN;il,2017-12-17 20:20:08,0,-95,32.1726703501525,34.8150679252286,45.0215983984995,8,GSM
50:c7:bf:15:b9:d2,HuxorHQ,[WPA-PSK-CCMP+TKIP][WPA2-PSK-CCMP+TKIP][WPS][ESS],2017-12-17 20:20:14,149,-89,32.1741540265721,34.8156610206551,43.480991080567,8,WIFI
50:c7:bf:15:b9:d3,HuxorHQ,[WPA-PSK-CCMP+TKIP][WPA2-PSK-CCMP+TKIP][WPS][ESS],2017-12-17 20:20:14,1,-92,32.1741540265721,34.8156610206551,43.480991080567,8,WIFI
42503_6711_301571,Pmobile,UNKNOWN;il,2017-12-17 20:20:14,0,-95,32.1741540265721,34.8156610206551,43.480991080567,8,GSM
50:c7:bf:15:b9:d2,HuxorHQ,[WPA-PSK-CCMP+TKIP][WPA2-PSK-CCMP+TKIP][WPS][ESS],2017-12-17 20:20:20,149,-89,32.1756161076797,34.8160305273101,43.3537525926917,12,WIFI
50:c7:bf:15:b9:d3,HuxorHQ,[WPA-PSK-CCMP+TKIP][WPA2-PSK-CCMP+TKIP][WPS][ESS],2017-12-17 20:20:20,1,-92,32.1756161076797,34.8160305273101,43.3537525926917,12,WIFI
42503_6711_301571,Pmobile,UNKNOWN;il,2017-12-17 20:20:20,0,-95,32.1756161076797,34.8160305273101,43.3537525926917,12,GSM
42503_6711_301571,Pmobile,UNKNOWN;il,2017-12-17 20:20:26,0,-95,32.1771546168316,34.8161123520408,44.1732263718194,16,GSM
42503_6711_301571,Pmobile,UNKNOWN;il,2017-12-17 20:20:32,0,-95,32.1786550091898,34.8161635985214,44.6785899416811,16,GSM
42503_6711_301571,Pmobile,UNKNOWN;il,2017-12-17 20:20:38,0,-95,32.1802050297878,34.8160163868224,45.5861539906456,24,GSM
42503_6711_301569,Pmobile,UNKNOWN;il,2017-12-17 20:20:44,0,-95,32.1817799482746,34.8157300478991,46.3422958413972,24,GSM
42503_6711_301569,Pmobile,UNKNOWN;il,2017-12-17 20:20:50,0,-95,32.1831859471805,34.8154197192542,46.4101703360387,16,GSM
42503_6711_301569,Pmobile,UNKNOWN;il,2017-12-17 20:20:56,0,-95,32.1847521655163,34.8152808955601,46.3459288719577,12,GSM
42503_6711_301569,Pmobile,UNKNOWN;il,2017-12-17 20:21:02,0,-95,32.1863888360781,34.8154453758423,47.1543864894652,12,GSM
42503_6711_301569,Pmobile,UNKNOWN;il,2017-12-17 20:21:08,0,-95,32.1879756139154,34.8158635854652,47.4572308106387,8,GSM
42503_6711_298499,Pmobile,UNKNOWN;il,2017-12-17 20:21:14,0,-95,32.1894108460059,34.8163455865511,47.9278068045892,8,GSM
42503_6711_298499,Pmobile,UNKNOWN;il,2017-12-17 20:21:20,0,-95,32.1908229972717,34.8168352791301,48.1681100404063,16,GSM
42503_6711_305153,Pmobile,UNKNOWN;il,2017-12-17 20:21:26,0,-95,32.192248501297,34.8173366219338,47.8439739217776,16,GSM
42503_6711_298499,Pmobile,UNKNOWN;il,2017-12-17 20:21:32,0,-95,32.1936280365738,34.8178102601563,47.0628949923874,12,GSM
42503_6711_298499,Pmobile,UNKNOWN;il,2017-12-17 20:21:38,0,-95,32.1950397957704,34.8182946993299,46.4553478700996,16,GSM
42503_6711_298499,Pmobile,UNKNOWN;il,2017-12-17 20:21:44,0,-95,32.1964494080567,34.8187154568157,45.2038627017795,8,GSM
42503_6711_298499,Pmobile,UNKNOWN;il,2017-12-17 20:21:50,0,-95,32.1978509987892,34.818946227095,44.2013794721993,12,GSM
42503_6711_298499,Pmobile,UNKNOWN;il,2017-12-17 20:21:56,0,-95,32.1992472673267,34.8191539476431,42.6109736227269,12,GSM
42503_6711_298499,Pmobile,UNKNOWN;il,2017-12-17 20:22:02,0,-95,32.2007057269408,34.8193857746415,41.3057901230887,8,GSM
42503_6711_298499,Pmobile,UNKNOWN;il,2017-12-17 20:22:08,0,-95,32.2021850728875,34.8197034078911,41.2029198673613,12,GSM
42503_6711_298498,Pmobile,UNKNOWN;il,2017-12-17 20:22:14,0,-95,32.2035505630313,34.8202658620873,40.6504032327052,32,GSM
00:90:d0:dc:4c:eb,www.neocam.co.il,[WPA-PSK-CCMP+TKIP][WPA2-PSK-CCMP+TKIP][ESS],2017-12-17 20:22:19,1,-92,32.2043871380157,34.8207571606729,41.2907490720251,32,WIFI
42503_6711_298498,Pmobile,UNKNOWN;il,2017-12-17 20:22:26,0,-95,32.2050581393376,34.8213403761722,43.359687231718,32,GSM
42503_6711_298497,Pmobile,UNKNOWN;il,2017-12-17 20:22:35,0,-95,32.2055187231601,34.8218278245915,44.0472639414618,32,GSM
42503_6711_298497,Pmobile,UNKNOWN;il,2017-12-17 20:22:53,0,-95,32.206697942968,34.8227272997379,46.3500948400941,24,GSM
42503_6711_298497,Pmobile,UNKNOWN;il,2017-12-17 20:23:08,0,-95,32.2077510683811,34.8237929872607,45.7963792784793,24,GSM
42503_6711_298497,Pmobile,UNKNOWN;il,2017-12-17 20:23:38,0,-95,32.2088607159471,34.8248457269633,43.3352651126874,16,GSM
42503_6711_298497,Pmobile,UNKNOWN;il,2017-12-17 20:24:05,0,-95,32.2099188888589,34.8256339985636,46.4903749992477,12,GSM
42503_6711_298497,Pmobile,UNKNOWN;il,2017-12-17 20:24:26,0,-95,32.2111308278011,34.8266645056709,46.5288529887658,48,GSM
58:70:c6:ff:ed:77,YICarCam_ffed77,[WPA2-PSK-CCMP][WPS][ESS],2017-12-17 20:25:15,6,-87,32.2120369361547,34.8275320611883,45.0327311099569,12,WIFI
42503_6711_298497,Pmobile,UNKNOWN;il,2017-12-17 20:25:23,0,-95,32.2121764969505,34.827582768723,44.7648180990089,8,GSM
42503_6711_398340,Pmobile,UNKNOWN;il,2017-12-17 20:25:48,0,-95,32.2122887488915,34.827701810963,44.2141001933266,8,GSM
00:1e:42:14:29:bb,FREE WIFI,[ESS],2017-12-17 20:26:20,6,-84,32.212702045715,34.8280984034223,43.3083506832352,8,WIFI
00:1e:42:14:29:bb,FREE WIFI,[ESS],2017-12-17 20:26:32,6,-77,32.2130442701395,34.8282346626042,43.3369323057893,6,WIFI
42503_6711_298497,Pmobile,UNKNOWN;il,2017-12-17 20:27:12,0,-95,32.2132013032702,34.8283187800245,44.5939105569767,6,GSM
58:70:c6:ff:ed:77,YICarCam_ffed77,[WPA2-PSK-CCMP][WPS][ESS],2017-12-17 20:27:20,6,-91,32.2132546299149,34.8283426774681,45.1760921557529,6,WIFI
42503_6711_296962,Pmobile,UNKNOWN;il,2017-12-17 20:28:29,0,-95,32.2141894585601,34.8286016815974,51.3880187769247,8,GSM
42503_6711_296962,Pmobile,UNKNOWN;il,2017-12-17 20:29:36,0,-95,32.2152484718614,34.8289639847065,59.0902172429917,12,GSM
58:70:c6:ff:ed:77,YICarCam_ffed77,[WPA2-PSK-CCMP][WPS][ESS],2017-12-17 20:29:39,6,-93,32.2153297824421,34.8289958530153,59.2722521566711,12,WIFI
